지역,상호,주소,상표,전화번호,셀프여부,고급휘발유,휘발유,경유,실내등유
부산광역시,해안주유소,부산 강서구 낙동남로 432,SK에너지,070-8894-3569,Y,-,1549,1399,-
부산광역시,신창에너지㈜직영 송정셀프주유소,부산 강서구 낙동남로 127 (송정동),S-OIL,051-972-5104,Y,-,1549,1409,-
부산광역시,은마석유 경기장주유소,부산 강서구 낙동북로 364,GS칼텍스,051-971-7956,Y,1898,1557,1417,1300
부산광역시,동방석유㈜직영 대저주유소,부산 강서구 낙동북로 209 (대저1동),SK에너지,051-971-2135,Y,-,1557,1417,-
부산광역시,우리2주유소,부산 강서구 낙동북로 142,알뜰주유소,051-971-5585,Y,-,1557,1417,-
부산광역시,서강주유소,부산 강서구 낙동북로 42 (강동동),SK에너지,051-971-8484,Y,-,1557,1417,-
부산광역시,세기상사(주) 공항주유소,부산 강서구 공항로 469 (대저2동),S-OIL,051-941-7237,N,-,1569,1449,-
부산광역시,구랑주유소,부산 강서구 가락대로 546 (구랑동),GS칼텍스,051-972-1571,Y,-,1569,1429,-
부산광역시,㈜BSJ신항만물류주유소,부산 강서구 가락대로 834,S-OIL,051-831-9208,Y,-,1569,1429,-
부산광역시,CJ대한통운㈜ 신항 P-OIL,부산 강서구 가락대로 1027,GS칼텍스,051-832-6717,Y,1825,1569,1429,-
부산광역시,부산신항주유소,부산 강서구 가락대로 706,HD현대오일뱅크,051-971-5104,Y,-,1569,1429,-
부산광역시,OS신항주유소,부산 강서구 가락대로 845,GS칼텍스,051-972-6560,Y,-,1569,1429,-
부산광역시,지에스칼텍스㈜ 동성셀프주유소,부산 강서구 명지국제8로 272,GS칼텍스,051-292-0895,Y,1789,1569,1489,-
부산광역시,(주)시큐 국제산단주유소,부산 강서구 생곡로 272,GS칼텍스,051-714-2208,Y,-,1569,1429,1300
부산광역시,공항대로주유소,부산 강서구 공항로 1217 (대저1동),알뜰주유소,051-973-8122,Y,-,1569,1429,1250
부산광역시,CJ 성민제2주유소,부산 강서구 봉림길94번길 89(봉림동),S-OIL,051-974-0911,Y,-,1569,1429,-
부산광역시,(주)천일에너지 천일주유소,부산 강서구 낙동북로 65 (강동동),GS칼텍스,051-973-5999,Y,1898,1569,1417,-
부산광역시,은마석유(주)직영 강서주유소,부산 강서구 공항로 483,HD현대오일뱅크,051-973-5104,Y,-,1569,1429,-
부산광역시,(주)경인에너지,부산 강서구 생곡로 40 (녹산동),S-OIL,051-971-5013,N,-,1569,1429,-
부산광역시,CJ대한통운㈜ 성민주유소,부산 강서구 가락대로 389 (송정동),S-OIL,051-832-1611,N,-,1569,1429,-
부산광역시,은마석유(주)신호주유소,부산 강서구  낙동남로 514,HD현대오일뱅크,051-971-6331,Y,-,1569,1429,1300
부산광역시,명지농협주유소,부산 강서구 르노삼성대로 572 (명지동),NH-OIL,051-294-8528,Y,1789,1569,1389,-
부산광역시,(주)우양네트웍스 송산주유소,부산 강서구 호계로 200 (죽동동),S-OIL,051-973-7583,Y,-,1575,1448,-
부산광역시,맥도주유소,부산 강서구 공항로 381 (대저2동),GS칼텍스,051-973-5735,Y,-,1579,1439,-
부산광역시,대양석유(주)한마음주유소,부산 강서구 르노삼성대로 604 (명지동),SK에너지,051-271-2452,Y,-,1579,1439,-
부산광역시,(주)범방주유소,부산 강서구 가락대로 963,SK에너지,051-971-3337,Y,-,1579,1439,-
부산광역시,제일주유소,부산 강서구 가락대로 1417,GS칼텍스,051-971-2727,N,-,1588,1458,1250
부산광역시,오봉주유소,부산 강서구 호계로 1 (죽림동),SK에너지,051-972-5177,N,-,1588,1449,1250
부산광역시,내트럭(주) 부산신항남컨사업소,부산 강서구 신항남로 507,SK에너지,070-4454-9235,N,-,1589,1499,-
부산광역시,부산축산업협동조합 농협주유소,부산광역시 강서구  낙동남로 448 (녹산동),NH-OIL,051-973-8141,N,-,1589,1446,-
부산광역시,㈜도감에너지,부산 강서구 낙동남로 501 (녹산동),S-OIL,051-973-7622,Y,-,1589,1439,-
부산광역시,평강주유소,부산 강서구 평강로 309 (대저1동),SK에너지,051-971-4411,Y,-,1596,1446,1300
부산광역시,금룡주유소,부산 강서구 가락대로 1361 (봉림동),S-OIL,051-972-6081,N,-,1598,1468,1250
부산광역시,이왕주유소,부산 강서구 공항로 1423 (대저1동),HD현대오일뱅크,051-972-9007,Y,-,1598,1468,1300
부산광역시,녹산주유소,부산 강서구 낙동남로 700,S-OIL,051-832-7560,Y,-,1599,1429,-
부산광역시,(주)우양네트웍스 구도일주유소 삼광,부산 강서구 공항로 799 (대저2동),S-OIL,051-941-5188,Y,-,1599,1459,1400
부산광역시,김해공항주유소,부산 강서구 공항진입로 25 (대저2동),GS칼텍스,051-973-8291,Y,1888,1599,1459,1249
부산광역시,신항만주유소,부산 강서구 가락대로1243번길 68,HD현대오일뱅크,051-973-0935,Y,-,1599,1435,-
부산광역시,유성주유소,부산 강서구 생곡로 337 (생곡동),S-OIL,051-973-8852,Y,-,1628,1468,1300
부산광역시,녹산화물터미널주유소,부산 강서구 녹산산업북로 119 (송정동),GS칼텍스,051-941-3015,N,-,1628,1498,-
부산광역시,우리들주유소,부산 강서구 낙동남로 667 (녹산동),GS칼텍스,051-941-5145,Y,-,1628,1465,-
부산광역시,(주)시큐 대저고속주유소,부산 강서구 체육공원로 66 (대저1동),GS칼텍스,051-941-5151,N,-,1658,1429,1300
부산광역시,명품주유소,부산 강서구 대저로 283 (대저1동),HD현대오일뱅크,051-941-0052,N,-,1658,1508,1350
부산광역시,(주)소모 과학셀프주유소,부산 강서구 과학산단로 297 (지사동),GS칼텍스,051-973-5153,Y,-,1659,1499,1450
부산광역시,서부산주유소(순천방향),부산광역시 강서구 남해2지선고속도로 19,SK에너지,051-941-5155,Y,-,1668,1528,-
부산광역시,(주)서호주유소,부산 강서구 명지국제2로28번길 36,S-OIL,051-206-6661,Y,1998,1678,1518,-
부산광역시,명지주유소,부산 강서구 낙동남로 1042,SK에너지,051-271-2828,N,-,1678,1558,1500
부산광역시,만선주유소,부산 강서구 가락대로210번길 102,HD현대오일뱅크,051-831-9171,N,-,1698,1558,-
부산광역시,비케이원(주) 미래드림주유소,부산 강서구 가락대로 649,HD현대오일뱅크,051-974-0808,Y,-,1709,1559,-
부산광역시,대양산업(주)대양가덕주유소,부산 강서구 거가대로 2571,GS칼텍스,051-715-2201,Y,-,1788,1638,1400
부산광역시,광신석유(주)직영 명지주유소,부산 강서구 르노삼성대로 372,SK에너지,051-271-4405,Y,1959,1899,1897,1799
부산광역시,한길주유소 금사점 한솔유화㈜,부산 금정구 반송로 420 (금사동),HD현대오일뱅크,051-524-6642,Y,1897,1549,1419,-
부산광역시,은마석유 노포주유소,부산 금정구 중앙대로 2191 (노포동),GS칼텍스,051-508-1645,Y,1849,1575,1437,1350
부산광역시,훼미리알뜰주유소,부산 금정구 두실로 2,알뜰주유소,051-582-5882,Y,-,1575,1437,-
부산광역시,청룡명품주유소,부산 금정구 중앙대로 2130,HD현대오일뱅크,051-508-5150,Y,-,1575,1437,-
부산광역시,금두꺼비주유소,부산광역시 금정구  부곡로 67 (부곡동),알뜰주유소,051-583-6433,Y,-,1587,1457,-
부산광역시,금강주유소,부산 금정구 중앙대로 1972,SK에너지,051-581-8551,N,-,1589,1455,-
부산광역시,한길주유소 부산점 한솔유화㈜,부산 금정구 중앙대로 1646,HD현대오일뱅크,051-581-0875,Y,-,1597,1467,-
부산광역시,신화주유소,부산 금정구 금강로 721,HD현대오일뱅크,051-515-1997,Y,-,1618,1488,1450
부산광역시,동진주유소,"부산 금정구 금정로 216,  (구서동)",SK에너지,051-515-5007,Y,1849,1619,1479,-
부산광역시,에이원주유소,부산 금정구 반송로 364 (서동),SK에너지,051-532-5157,Y,-,1625,1395,-
부산광역시,비케이원㈜ 대박드림주유소,부산 금정구 중앙대로 1597,HD현대오일뱅크,051-518-6777,Y,1849,1629,1499,-
부산광역시,금정산주유소,부산 금정구 금샘로 399 (구서동),SK에너지,051-517-5472,N,1897,1637,1497,1400
부산광역시,식물원주유소,부산 금정구 금샘로 21 (장전동),S-OIL,051-515-5189,N,-,1685,1565,1450
부산광역시,동양주유소,부산 금정구  반송로 391 (서동),HD현대오일뱅크,051-523-1214,Y,-,1687,1567,1500
부산광역시,새석대주유소,부산 금정구 반송로 463 (금사동),S-OIL,051-527-5142,N,1857,1697,1577,-
부산광역시,남산주유소,부산 금정구 중앙대로 2044 (남산동),S-OIL,051-517-5149,Y,1958,1698,1568,-
부산광역시,지에스칼텍스(주)영풍주유소,부산 금정구 중앙대로 1782 (부곡동),GS칼텍스,051-512-3301,Y,1929,1709,1579,1400
부산광역시,기장대로 셀프주유소 와이케이에너지㈜,부산 기장군 기장읍 기장대로 343,GS칼텍스,051-723-5189,Y,1839,1519,1374,-
부산광역시,신아시아드주유소/충전소 은마석유㈜,부산광역시 기장군 일광면 기장대로 996,GS칼텍스,051-722-8701,Y,1839,1519,1374,-
부산광역시,내리주유소,부산 기장군 기장읍 기장대로 84,HD현대오일뱅크,051-722-7363,Y,-,1529,1395,1350
부산광역시,월드컵주유소,부산 기장군 일광면 기장대로 1230,알뜰주유소,051-727-1212,Y,-,1539,1394,-
부산광역시,세방주유소,부산 기장군 일광면 기장대로 1195,HD현대오일뱅크,051-727-0016,Y,-,1549,1415,1350
부산광역시,하영주유소,부산 기장군 기장읍 반송로 1517,GS칼텍스,051-722-3370,Y,-,1565,1435,-
부산광역시,부경셀프주유소,부산 기장군 기장읍 반송로 1407,SK에너지,051-721-5181,Y,-,1565,1415,-
부산광역시,기장IC주유소,부산 기장군 일광면 기장대로 670,SK에너지,051-724-4841,Y,-,1565,1435,-
부산광역시,용문주유소,부산 기장군 일광면 기장대로 710,HD현대오일뱅크,051-722-5594,Y,-,1565,1435,-
부산광역시,삼성셀프주유소,부산 기장군 일광면 기장대로 677,S-OIL,051-722-5160,Y,1965,1565,1435,-
부산광역시,선암주유소,부산 기장군 장안읍 기장대로 1453,알뜰주유소,051-727-1212,Y,-,1565,1455,1340
부산광역시,공단신도시주유소,부산 기장군 정관면 정관로 835,HD현대오일뱅크,051-728-4686,Y,-,1565,1465,1350
부산광역시,(주)동광주유소,부산 기장군 기장읍 차성로 241,HD현대오일뱅크,051-722-4451,Y,-,1565,1414,1350
부산광역시,국제주유소,부산 기장군 일광면 기장대로 1291,S-OIL,051-727-8875,Y,-,1569,1449,-
부산광역시,삼거리주유소,부산 기장군 기장읍 반송로 1653,HD현대오일뱅크,051-721-8411,N,-,1569,1439,1350
부산광역시,대영주유소,부산 기장군 정관면 정관로 249,GS칼텍스,070-4647-4109,Y,-,1578,1454,-
부산광역시,달음산주유소,부산 기장군 장안읍 정관로 1115,GS칼텍스,051-727-5177,Y,-,1580,1465,-
부산광역시,㈜첼시주유소,부산 기장군 장안읍 정관로 1148,HD현대오일뱅크,051-727-7473,Y,2078,1580,1465,-
부산광역시,기분조은주유소,부산 기장군 정관면 정관로 787,SK에너지,051-728-5166,Y,-,1580,1465,1400
부산광역시,백운1주유소,부산 기장군 정관면 정관로 779,GS칼텍스,051-728-4433,Y,-,1580,1478,-
부산광역시,(주)천일에너지 천일주유소,부산 기장군 신정관로 183,HD현대오일뱅크,051-728-7866,Y,-,1580,1465,-
부산광역시,정관신도시주유소/충전소,부산 기장군 정관면 정관로 901,SK에너지,051-727-6228,Y,-,1580,1465,1350
부산광역시,의학원self주유소,부산 기장군 장안읍 좌동길 47,SK에너지,051-728-1212,Y,-,1580,1465,-
부산광역시,동부산농협클린주유소,부산 기장군 일광면 기장대로 1037,NH-OIL,051-724-5181,Y,-,1584,1434,1350
부산광역시,뉴장안IC주유소,부산 기장군 장안읍 좌동길 45,S-OIL,051-728-3838,Y,-,1585,1465,1450
부산광역시,오성주유소,부산 기장군 일광면 일광로 722,HD현대오일뱅크,051-728-8851,N,-,1593,1453,1350
부산광역시,(주)동남주유소,부산 기장군 철마면 반송로 983,GS칼텍스,051-722-9900,Y,-,1598,1478,1400
부산광역시,안평주유소,부산 기장군 철마면 반송로 1300,S-OIL,051-722-7979,N,-,1598,1478,1400
부산광역시,장안IC(상)주유소,부산 기장군 장안읍 기장대로 1586,SK에너지,051-728-6161,Y,-,1598,1488,-
부산광역시,태양주유소,부산 기장군 기장읍 대변로 13,GS칼텍스,051-724-5189,Y,1957,1617,1497,1400
부산광역시,(주)푸른숲self주유소,부산 기장군 장안읍 기장대로 1751,SK에너지,051-727-8213,Y,2098,1618,1478,-
부산광역시,창암주유소,부산 기장군 정관면 신정관로 188,S-OIL,051-727-3332,Y,-,1625,1445,-
부산광역시,(주)더힘찬주유소,부산 기장군 장안읍 기장대로 1673,GS칼텍스,051-728-8686,Y,-,1627,1487,1350
부산광역시,장안IC(하)주유소,부산 기장군 장안읍 기장대로 1615,SK에너지,051-728-5189,N,-,1628,1488,-
부산광역시,명례주유소,부산 기장군 장안읍 기장대로 2217,HD현대오일뱅크,051-727-5120,N,-,1628,1478,1350
부산광역시,솔밭주유소,부산 기장군 장안읍 하근3길 8,SK에너지,051-727-7277,Y,-,1635,1495,1350
부산광역시,KH에너지㈜직영 장안주유소(부산방향),부산 기장군 장안읍 동해고속도로 25,SK에너지,051-727-7300,Y,-,1638,1508,-
부산광역시,KH에너지㈜직영 장안주유소(울산방향),부산 기장군 장안읍 동해고속도로 26,SK에너지,051-728-5157,Y,-,1638,1508,-
부산광역시,공단주유소,부산 기장군 정관면 정관로 833,HD현대오일뱅크,051-727-1334,N,-,1648,1528,1350
부산광역시,동양주유소/기장충전소,부산 기장군 기장읍 기장대로 530,HD현대오일뱅크,051-723-0202,Y,1910,1659,1499,-
부산광역시,월드주유소,부산 기장군 기장읍 반송로 1559,자가상표,051-723-3461,Y,-,1664,1524,-
부산광역시,(주)SK정관주유소,부산 기장군 정관면 정관덕산길 21,SK에너지,051-728-5083,Y,-,1799,1599,1600
부산광역시,기장수협주유소,부산 기장군 기장읍 기장해안로 426,SK에너지,051-721-1813,N,-,1799,1649,-
부산광역시,창암2주유소,부산 기장군 정관면 신정관로 188,자가상표,051-727-3332,N,-,-,1445,-
부산광역시,사랑드림주유소,부산 남구 황령대로 343,S-OIL,051-612-0529,Y,1813,1563,1433,-
부산광역시,대일주유소,부산 남구 황령대로 401-2 (대연동),GS칼텍스,051-627-0727,Y,1813,1563,1433,-
부산광역시,내트럭(주)부산사업소,부산 남구 신선로 168,SK에너지,051-638-3971,N,-,1563,1499,-
부산광역시,내트럭(주)부산용당,부산 남구 신선로 261,SK에너지,051-931-8001,N,-,1563,1499,-
부산광역시,(주)경인석유,부산 남구 신선로 448,SK에너지,051-626-2426,Y,-,1568,1439,-
부산광역시,우암주유소,부산 남구 우암로 204,GS칼텍스,051-644-0142,Y,-,1573,1443,-
부산광역시,은마석유주식회사,부산 남구 신선로 351 (용당동),GS칼텍스,051-628-4323,Y,1823,1573,1443,-
부산광역시,우암로셀프주유소,부산 남구 우암로 232,HD현대오일뱅크,051-643-5363,Y,-,1573,1443,-
부산광역시,북항대교주유소,부산 남구  신선로 316 (용당동),S-OIL,051-628-5152,Y,-,1573,1443,1600
부산광역시,금강석유(주) 영웅주유소,부산 남구 황령대로 346 (대연동),HD현대오일뱅크,051-627-0180,Y,-,1573,1443,-
부산광역시,은마석유㈜ 용당CY주유소,부산 남구 신선로 392,GS칼텍스,051-622-5121,Y,1823,1573,1443,-
부산광역시,(주)세일 부산항주유소,부산 남구 신선로 387 (용당동),S-OIL,051-623-5189,Y,1823,1573,1443,-
부산광역시,(주)문화주유소,부산 남구 유엔로 155,GS칼텍스,051-621-2416,Y,1829,1579,1449,1500
부산광역시,매일주유소,부산 남구 수영로 22 (문현동),알뜰주유소,051-646-5182,Y,-,1588,1458,1350
부산광역시,성지셀프주유소,부산 남구 유엔로 42,SK에너지,051-636-0051,Y,-,1594,1457,1400
부산광역시,분포셀프주유소,부산 남구 용호로 116,SK에너지,051-627-5151,Y,-,1595,1465,1500
부산광역시,반도주유소,부산 남구 신선로 442 (용당동),S-OIL,051-626-6828,Y,-,1597,1457,-
부산광역시,문현주유소,부산 남구 우암로 374 (문현동),HD현대오일뱅크,051-635-5103,Y,-,1598,1488,1500
부산광역시,지에스칼텍스㈜ 유엔주유소,부산 남구 유엔로 202,GS칼텍스,051-625-1140,Y,-,1599,1469,-
부산광역시,지에스칼텍스㈜ 비치주유소,부산 남구 용호로 60 (용호동),GS칼텍스,051-625-5151,Y,1819,1599,1469,1500
부산광역시,한길주유소 용당점 한솔유화㈜,부산 남구 신선로 252,HD현대오일뱅크,051-621-5154,N,-,1609,1459,-
부산광역시,삼화주유소,부산 남구 우암로 92 (감만동),알뜰주유소,051-646-1620,N,-,1615,1475,1400
부산광역시,구도일주유소용호,부산 남구 용호로 172 (용호동),S-OIL,051-611-5191,Y,-,1619,1489,1450
부산광역시,금융단지주유소,부산 남구 황령대로98번길 75 (문현동),HD현대오일뱅크,051-633-5117,N,1878,1628,1498,-
부산광역시,동명주유소,부산 남구 남구 전포대로 7,S-OIL,051-646-4390,N,-,1628,1498,1400
부산광역시,대성주유소,부산광역시 남구 문현로 67 (문현동),HD현대오일뱅크,051-634-0668,N,-,1719,1599,1600
부산광역시,인터지스(주)인터지스주유소,부산 남구 신선로 173 (감만동),HD현대오일뱅크,051-611-7611,N,-,1739,1599,-
부산광역시,굿오일주유소,부산 남구 북항로 108,S-OIL,051-637-5157,N,-,-,1465,-
부산광역시,부산벙커앤오일 청구주유소,부산 동구 충장대로 281 (좌천동),SK에너지,051-635-9698,Y,-,1580,1445,1500
부산광역시,CJ대한통운㈜ 부산주유소,부산 동구 충장대로 305 (좌천동),GS칼텍스,051-719-5143,Y,1825,1580,1445,-
부산광역시,(주)대양씨앤씨직영주유소,부산 동구 성남로 74 (범일동),GS칼텍스,051-646-5563,Y,-,1583,1445,-
부산광역시,동방석유(주)초량주유소,부산 동구  중앙대로 302 (초량동),SK에너지,051-469-5181,Y,-,1585,1455,-
부산광역시,구도일주유소 부산진,부산 동구 중앙대로 414 (좌천동),S-OIL,051-644-6200,Y,1825,1585,1455,-
부산광역시,대양대박주유소,부산 동구 성남로 42 (좌천동),GS칼텍스,051-634-5252,N,-,1603,1475,1500
부산광역시,동방석유(주)형제주유소,부산광역시 동구  자성로 127 (범일2동),SK에너지,051-646-5471,Y,-,1618,1498,-
부산광역시,㈜삼현석유 천일주유소,부산 동구 중앙대로 168 (초량동),S-OIL,051-466-1001,N,-,1998,1698,-
부산광역시,광신석유(주)직영 충렬대로주유소,부산 동래구 충렬대로 95,SK에너지,051-555-3258,Y,1919,1489,1349,-
부산광역시,명장주유소,부산 동래구 반송로 303 (명장동),알뜰주유소,051-522-3355,Y,-,1499,1349,1340
부산광역시,동방석유(주)푸른주유소,부산 동래구 충렬대로 121 (온천동),SK에너지,051-555-3827,Y,-,1499,1344,-
부산광역시,㈜OS에너지 동호주유소,부산 동래구 반송로 245,GS칼텍스,051-526-9967,Y,-,1499,1349,1400
부산광역시,대일주유소,부산 동래구 충렬대로 124,알뜰주유소,051-502-1155,Y,-,1499,1349,-
부산광역시,(주)삼보명진주유소,부산 동래구 충렬대로 51 (온천동),GS칼텍스,051-553-3000,Y,-,1549,1399,-
부산광역시,한창주유소,부산 동래구 우장춘로 56,HD현대오일뱅크,051-583-5151,Y,-,1569,1439,1500
부산광역시,한길주유소 교대점 한솔유화㈜,부산 동래구 여고로 131 (사직동),HD현대오일뱅크,051-504-0636,Y,-,1588,1454,-
부산광역시,(주)대원에너지 대원주유소,부산 동래구 충렬대로 460  (안락동),S-OIL,051-852-6492,Y,-,1593,1433,1500
부산광역시,대경주유소,부산 동래구 반송로 185 (안락동),HD현대오일뱅크,051-555-1177,N,-,1597,1457,-
부산광역시,온천주유소,부산 동래구 명륜로 2,GS칼텍스,051-558-2250,Y,-,1598,1468,1400
부산광역시,안락교차로주유소,부산 동래구 충렬대로 330 (안락동),GS칼텍스,051-552-6262,N,-,1638,1498,1400
부산광역시,보강주유소,부산 동래구  충렬대로 400 (안락동),HD현대오일뱅크,051-531-2535,Y,-,1638,1488,1450
부산광역시,한양주유소,부산 동래구  충렬대로 300 (낙민동),SK에너지,051-554-3363,N,-,1646,1496,1450
부산광역시,충렬주유소,부산 동래구 충렬대로 463,S-OIL,051-522-0569,Y,1959,1668,1518,-
부산광역시,대원주유소,부산 동래구 미남로 38,S-OIL,051-502-0733,Y,-,1668,1518,1500
부산광역시,(주)태화주유소,부산 부산진구 가야대로 402,SK에너지,051-896-6147,Y,-,1559,1419,-
부산광역시,대양주유소,부산 부산진구 새싹로 61-1 (부암동),알뜰주유소,051-818-6161,Y,-,1563,1423,-
부산광역시,진성주유소,부산 부산진구 백양대로 242,S-OIL,051-896-4500,Y,-,1569,1429,-
부산광역시,(주)주공에너지,부산 부산진구 백양대로 231,알뜰주유소,051-898-0809,Y,-,1569,1429,-
부산광역시,동방석유(주)황령산주유소,부산 부산진구 황령대로 66 (전포동),SK에너지,051-803-5151,Y,-,1573,1443,-
부산광역시,스마일주유소,부산 부산진구 동평로 49,알뜰주유소,051-939-2022,Y,1858,1578,1438,-
부산광역시,가야주유소,부산 부산진구 가야대로552번길 39,SK에너지,051-896-6300,Y,1949,1579,1439,-
부산광역시,남부산고속주유소,부산 부산진구 거제대로 84 (양정동),S-OIL,051-867-2231,Y,1843,1579,1434,-
부산광역시,영우에너지 부전주유소,부산 부산진구 신천대로 132,S-OIL,051-802-5593,Y,-,1583,1463,-
부산광역시,지에스칼텍스㈜케이제이주유소,부산광역시 부산진구  전포대로 178 (전포제3동),GS칼텍스,051-817-7832,Y,1819,1589,1549,1500
부산광역시,동방석유(주)sk전포주유소,부산 부산진구 동천로 10 (전포동),SK에너지,051-804-5152,Y,-,1598,1498,-
부산광역시,(주)우양네트웍스 하마정주유소,부산 부산진구 동평로 398,S-OIL,051-861-5104,Y,-,1599,1459,-
부산광역시,SK에너지(주) 연지오토self,부산 부산진구 동평로 239 (연지동),SK에너지,051-805-9285,Y,1859,1624,1494,1500
부산광역시,광신석유(주)직영 양정주유소,부산 부산진구 동평로 361 (양정동),SK에너지,051-862-7063,Y,-,1624,1494,-
부산광역시,백양주유소,부산 부산진구  백양대로 234 (개금동),SK에너지,051-894-6622,N,-,1659,1498,1400
부산광역시,명품주유소 당감점,부산 부산진구 백양대로 78 (당감동),HD현대오일뱅크,051-891-1881,Y,1919,1689,1559,-
부산광역시,럭키주유소,부산 부산진구 새싹로 230,SK에너지,051-808-5113,Y,-,1698,1598,-
부산광역시,한일주유소,부산 부산진구 백양순환로110번길 19 (부암동),SK에너지,051-809-1542,Y,-,1699,1599,1500
부산광역시,지에스칼텍스㈜ 성지주유소,부산 부산진구 동평로 289 (연지동),GS칼텍스,051-806-0466,Y,1955,1699,1569,1500
부산광역시,대흥주유소,부산 부산진구 동평로 21,S-OIL,051-898-5151,Y,1948,1728,1598,-
부산광역시,대명주유소,부산 부산진구 가야대로 523 (가야동),S-OIL,051-896-5105,Y,-,1838,1718,1650
부산광역시,(주)삼보부림SELF주유소,부산 북구 만덕대로 343 (만덕동),GS칼텍스,051-338-5156,Y,-,1549,1399,-
부산광역시,삼보주유소/충전소,부산 북구 만덕대로 331 (만덕동),GS칼텍스,051-336-2002,Y,1919,1549,1399,1500
부산광역시,광신석유(주)직영 백양대로주유소,부산 북구 백양대로 995 (구포동),SK에너지,051-337-3100,Y,-,1559,1419,-
부산광역시,경덕주유소,부산 북구 시랑로 58 (구포동),알뜰주유소,051-343-2121,Y,-,1565,1439,1450
부산광역시,금곡대로주유소,부산 북구 금곡대로 712 (금곡동),GS칼텍스,051-365-4830,Y,1849,1569,1399,-
부산광역시,(주)세일 금곡주유소,부산 북구 금곡대로 604 (금곡동),S-OIL,051-334-7771,Y,1858,1579,1419,-
부산광역시,화명신도시주유소,부산 북구 금곡대로 203,알뜰주유소,051-365-0711,N,-,1579,1439,-
부산광역시,북부산셀프주유소,부산 북구 금곡대로 37,HD현대오일뱅크,051-341-0151,Y,-,1579,1439,-
부산광역시,지에스칼텍스(주)구포셀프주유소,부산 북구 사상로 619 (구포동),GS칼텍스,051-338-5189,Y,1784,1589,1464,-
부산광역시,만복드림주유소,부산 북구 만덕대로 170,S-OIL,051-343-5155,Y,-,1599,1499,-
부산광역시,성도주유소,부산 북구 낙동대로 1642,S-OIL,051-333-3351,Y,1898,1616,1488,-
부산광역시,SK에너지(주)두꺼비,부산 북구 금곡대로 362,SK에너지,051-362-5555,Y,1889,1649,1519,-
부산광역시,SK에너지㈜직영 삼진셀프주유소,부산 북구 의성로53번길 5,SK에너지,051-342-3516,Y,-,1649,1519,-
부산광역시,무지개주유소,부산 북구 금곡대로 692,HD현대오일뱅크,051-335-4330,N,-,1669,1419,1650
부산광역시,동양가스산업(주)명품주유소,부산 북구 금곡대로 113 (덕천동),HD현대오일뱅크,051-343-3003,Y,1898,1689,1559,-
부산광역시,SK에너지(주)신광셀프주유소,부산 북구 덕천로 275 (만덕동),SK에너지,051-336-9911,Y,-,1769,1599,-
부산광역시,(주)가온에너지 더힘대로주유소,부산 사상구 낙동대로 1274 (삼락동),HD현대오일뱅크,051-305-9558,Y,-,1548,1398,-
부산광역시,스마트주유소,부산 사상구 가야대로 377,HD현대오일뱅크,051-314-5151,Y,-,1559,1419,-
부산광역시,우리주유소 (주)시블링스,부산 사상구 백양대로 701 (덕포동),알뜰주유소,051-304-3654,Y,-,1559,1419,-
부산광역시,에스알디㈜더리치주유소,부산 사상구 낙동대로 753 (엄궁동),HD현대오일뱅크,051-311-5025,Y,1949,1559,1419,-
부산광역시,용마주유소,부산 사상구 가야대로 329,알뜰주유소,051-311-3653,Y,-,1559,1419,-
부산광역시,광신석유(주)직영 가야대로주유소,부산 사상구 가야대로 395,SK에너지,070-4788-8153,Y,1919,1559,1419,-
부산광역시,(주)좋은기름나라새사상셀프주유소지점,부산 사상구 새벽로 154,S-OIL,051-328-2270,Y,1989,1564,1424,1600
부산광역시,부영석유(주)도매주유소,부산 사상구 가야대로 10 (감전동),GS칼텍스,051-315-1117,Y,-,1564,1424,-
부산광역시,엄궁주유소,부산 사상구 낙동대로 681,SK에너지,051-316-4202,Y,-,1564,1424,-
부산광역시,에스씨(주) 새문주유소,부산 사상구 학감대로 30 (학장동),GS칼텍스,051-324-3502,Y,-,1564,1424,-
부산광역시,세원주유소,부산 사상구 학감대로 178,알뜰주유소,051-328-5311,Y,-,1564,1424,1390
부산광역시,(주)젤코바,부산 사상구 가야대로 63,HD현대오일뱅크,051-323-6621,Y,1769,1564,1424,-
부산광역시,(주)호림에너지 호림주유소,부산 사상구 낙동대로 669 (엄궁동),HD현대오일뱅크,051-317-5187,N,-,1564,1424,1400
부산광역시,성림주유소,부산 사상구 백양대로 480,HD현대오일뱅크,051-545-5151,Y,-,1564,1424,-
부산광역시,㈜덕양에너지직영 굿모닝주유소,부산 사상구 학감대로 70,SK에너지,051-323-2123,Y,-,1564,1424,-
부산광역시,서부산IC주유소,부산 사상구 학감대로 170,SK에너지,051-328-5189,Y,1919,1564,1424,1450
부산광역시,원주유소,부산 사상구 백양대로 349 (주례동),HD현대오일뱅크,051-323-0224,Y,-,1564,1424,-
부산광역시,가락타운주유소,부산 사상구 낙동대로 730 (엄궁동),SK에너지,051-325-1200,Y,-,1564,1424,-
부산광역시,(주)덕양에너지 직영 구덕산주유소,부산 사상구 학감대로 98 (학장동),SK에너지,051-323-9890,Y,-,1564,1424,-
부산광역시,(주)지엠지 우경주유소,부산 사상구 백양대로 477 (주례동),S-OIL,051-312-0951,Y,1784,1564,1434,-
부산광역시,㈜제이와이비젼 명성주유소,부산 사상구 학감대로 220 (감전동),GS칼텍스,051-324-5085,Y,-,1565,1425,1500
부산광역시,엔씨네트웍스(주)직영주유소,부산 사상구 사상로 105,SK에너지,051-913-5151,Y,-,1568,1429,-
부산광역시,구룡주유소,부산 사상구 가야대로 150 (학장동),HD현대오일뱅크,051-316-4360,Y,-,1568,1428,-
부산광역시,지에스칼텍스(주)자이언트주유소,부산 사상구 강변대로 458 (엄궁동),GS칼텍스,051-315-4027,Y,-,1574,1434,-
부산광역시,지에스칼텍스(주)강변주유소,부산 사상구 강변대로 412 (엄궁동),GS칼텍스,051-323-4027,Y,-,1574,1434,-
부산광역시,(주)부영에너지,부산 사상구 낙동대로 994 (감전동),SK에너지,051-317-0296,Y,-,1578,1438,1500
부산광역시,흥일주유소 주식회사,부산 사상구 낙동대로 1520 (삼락동),GS칼텍스,051-302-6244,N,-,1598,1488,1250
부산광역시,한라주유소,부산 사상구 학장로 107,SK에너지,051-326-9399,Y,-,1627,1487,1550
부산광역시,아산주유소,부산 사상구 새벽로 1 (학장동),S-OIL,051-312-0051,Y,1957,1627,1487,1550
부산광역시,중앙주유소,부산 사상구 낙동대로 1316,HD현대오일뱅크,051-305-0629,N,-,1628,1498,1450
부산광역시,경동주유소,부산 사상구 백양대로 386 (주례동),HD현대오일뱅크,051-311-6114,Y,-,1634,1474,-
부산광역시,성경주유소,부산 사상구 모덕로 69 (모라동),SK에너지,051-304-5100,N,-,1638,1538,1450
부산광역시,산업주유소,부산 사상구 낙동대로 879 (감전동),SK에너지,051-311-4305,Y,-,1638,1518,1400
부산광역시,대흥오일뱅크주유소,부산 사상구 새벽로 2,HD현대오일뱅크,051-312-2526,N,-,1638,1518,1550
부산광역시,새동창주유소,부산 사상구 낙동대로 920 (감전동),SK에너지,051-324-1117,N,-,1678,1538,-
부산광역시,농산물주유소,부산 사상구 농산물시장로25번길 94,SK에너지,051-327-0011,N,-,1678,1558,-
부산광역시,HD현대오일뱅크㈜직영 감전주유소,부산 사상구 낙동대로 978 (감전동),HD현대오일뱅크,051-315-6362,N,-,1679,1518,1450
부산광역시,대림주유소,부산 사상구 낙동대로 1320,S-OIL,051-302-1577,Y,1959,1679,1549,1450
부산광역시,광신홀딩스㈜ 직영 낙동대로주유소,부산 사상구 낙동대로 935,SK에너지,051-311-0131,Y,-,1689,1544,-
부산광역시,행복한셀프주유소,부산 사상구 학감대로 73 (학장동),HD현대오일뱅크,051-327-7547,Y,-,1689,1549,-
부산광역시,지에스칼텍스(주)서부주유소,부산 사상구 낙동대로 1380,GS칼텍스,051-304-8873,Y,1983,1739,1599,1500
부산광역시,아시아사상주유소,부산 사상구 새벽로 207 (괘법동),SK에너지,051-321-1445,N,-,1797,1687,1600
부산광역시,서부산농협주유소,부산 사하구 장평로 177 (장림동),NH-OIL,051-262-0072,Y,-,1559,1389,-
부산광역시,장림대흥주유소,부산 사하구 다대로 292 (장림동),SK에너지,051-262-5189,Y,1838,1569,1389,-
부산광역시,새마당주유소 (주)지오에너지,부산 사하구 장평로 152 (장림동),알뜰주유소,051-791-2632,Y,-,1569,1389,1380
부산광역시,전진알뜰주유소,부산 사하구 다대로 575 (다대동),알뜰주유소,051-937-0573,Y,-,1574,1434,-
부산광역시,회화에너지,부산 사하구 사하로 150,S-OIL,051-293-7601,Y,-,1574,1434,1450
부산광역시,토성셀프주유소,부산 사하구 다대로 581 (다대동),SK에너지,051-261-5145,Y,-,1574,1434,-
부산광역시,부영석유 도매주유소,부산 사하구 을숙도대로 564,GS칼텍스,051-202-7333,Y,1838,1574,1434,-
부산광역시,사하주유소,부산 사하구 을숙도대로 583,S-OIL,051-202-5175,Y,-,1574,1434,-
부산광역시,광신홀딩스㈜ 직영 을숙도대로주유소,부산 사하구 을숙도대로 530 (신평동),SK에너지,051-205-8800,Y,-,1574,1434,-
부산광역시,동원주유소(주),부산 사하구 감천항로 445 (구평동),HD현대오일뱅크,051-261-4448,Y,-,1574,1465,-
부산광역시,대양석유(주) SK괴정주유소,부산광역시 사하구  사하로 129,SK에너지,051-206-7446,Y,-,1574,1434,-
부산광역시,에스씨(주) 감천주유소,부산 사하구 감천로 79 (감천동),GS칼텍스,051-291-9700,Y,-,1574,1434,1450
부산광역시,극동유화(주) 부산주유소,부산 사하구 하신중앙로 165,S-OIL,051-293-5451,Y,-,1595,1475,-
부산광역시,(주)천일에너지 대진주유소,부산 사하구 낙동대로 339,HD현대오일뱅크,051-206-6489,Y,-,1597,1477,-
부산광역시,남성주유소,부산 사하구 하신중앙로 240,HD현대오일뱅크,051-205-4631,Y,-,1597,1497,1397
부산광역시,㈜대로주유소 오일,부산 사하구 다대로 280 (장림동),S-OIL,051-265-5110,Y,-,1599,1379,-
부산광역시,조은셀프주유소,부산 사하구 낙동대로 312 (괴정동),S-OIL,051-291-5189,Y,-,1618,1498,-
부산광역시,신평주유소,부산 사하구 하신중앙로 166 (신평동),SK에너지,051-203-4277,N,1927,1637,1517,1470
부산광역시,대창제1주유소,부산 사하구 을숙도대로 821,SK에너지,051-266-7788,Y,-,1639,1479,-
부산광역시,다대로주유소,부산 사하구 을숙도대로 712,HD현대오일뱅크,051-266-5189,Y,-,1648,1508,-
부산광역시,인도에너지(주),부산 사하구 감천항로 20,HD현대오일뱅크,051-988-1817,Y,-,1658,1498,-
부산광역시,장림주유소,부산 사하구 장림로 287 (장림동),HD현대오일뱅크,051-261-3773,Y,-,1678,1478,-
부산광역시,대호주유소,부산 사하구 하신중앙로 55 (신평동),S-OIL,051-204-8200,N,-,1685,1528,1500
부산광역시,SK에너지(주)국영,부산 사하구 장림번영로 7 (장림동),SK에너지,051-262-8866,Y,-,1699,1589,1450
부산광역시,선경주유소,부산 사하구 을숙도대로 728,자가상표,051-266-5130,Y,-,-,1419,-
부산광역시,비에스에너지㈜메가오션주유소,부산 사하구 감천항로 225,S-OIL,010-8115-5182,Y,-,-,-,-
부산광역시,충무대로 셀프주유소 와이케이에너지㈜,부산 서구 충무대로 126,GS칼텍스,051-242-5189,Y,1728,1528,1388,-
부산광역시,피치스주유소 빙고점,부산 서구 충무대로 240,S-OIL,051-242-7719,Y,-,1528,1388,-
부산광역시,남항대교주유소,부산 서구 충무대로 108 (암남동),SK에너지,051-231-5145,Y,-,1528,1388,1450
부산광역시,(주)디시에너지 운동장,부산 서구 보수대로 220 (동대신제3동),HD현대오일뱅크,051-243-0444,Y,-,1578,1438,1400
부산광역시,(주)디시에너지 대신지점,부산 서구 대영로 91,HD현대오일뱅크,051-242-8144,Y,-,1588,1468,-
부산광역시,고려주유소 대신점,부산 서구 대영로 88,S-OIL,051-912-7555,Y,1898,1589,1469,1450
부산광역시,남부주유소 (송도아랫길),부산 서구 충무대로 150 (남부민동),GS칼텍스,051-255-9528,N,-,1599,1449,-
부산광역시,(주)부영에너지직영신일주유소,부산 서구 구덕로 273 (서대신동1가),SK에너지,051-256-3929,Y,-,1698,1589,-
부산광역시,㈜한국페트로 스타2주유소,부산 서구 원양로 260,GS칼텍스,051-243-6661,N,-,1868,1434,-
부산광역시,피치스주유소 송도점,부산 서구 감천로 227,S-OIL,051-244-5151,Y,-,1888,1408,-
부산광역시,(주)경인에너지 광안리주유소,부산 수영구 광남로 83,S-OIL,051-754-9799,Y,1779,1563,1433,-
부산광역시,마린타이거주유소,부산 수영구 광남로 241 (민락동),GS칼텍스,051-756-0903,Y,-,1563,1433,-
부산광역시,(주)세왕에너지 세진주유소,부산 수영구 광남로 176,SK에너지,051-755-8188,Y,-,1563,1433,-
부산광역시,신영주유소,부산 수영구 과정로 23,SK에너지,051-756-4518,N,-,1574,1434,-
부산광역시,센텀타이거주유소,부산 수영구 민락본동로 30,알뜰주유소,051-751-2281,Y,-,1578,1458,-
부산광역시,대양산업(주)대영주유소,부산 수영구 수영로 731,GS칼텍스,051-753-0360,Y,-,1583,1494,1550
부산광역시,땡큐망미주유소,부산 수영구  연수로 254 (망미동),S-OIL,051-752-6056,Y,-,1624,1494,-
부산광역시,지에스칼텍스㈜ 인성셀프주유소,부산 수영구 연수로 250,GS칼텍스,051-752-9475,Y,1824,1624,1494,-
부산광역시,금련산주유소,부산 수영구 수영로 491 (남천동),S-OIL,051-621-5189,N,1895,1675,1555,1550
부산광역시,지에스칼텍스(주)부산주유소,부산 수영구 수영로 558,GS칼텍스,051-753-0569,Y,1885,1685,1539,-
부산광역시,지에스칼텍스(주) 언덕주유소,부산 수영구 연수로 239,GS칼텍스,051-757-6100,Y,1889,1689,1569,1500
부산광역시,SK에너지(주)강일주유소,부산 수영구 연수로 411,SK에너지,051-752-6371,Y,-,1798,1698,-
부산광역시,(주)청유주유소,부산 수영구 좌수영로 147 (망미동),SK에너지,051-757-8806,Y,1998,1798,1648,-
부산광역시,금호주유소,"부산 수영구 과정로 4,  (망미동)",SK에너지,051-756-3792,N,-,1799,1649,1500
부산광역시,하얀100연산주유소,부산 연제구 반송로 68,SK에너지,051-868-5252,Y,-,1549,1399,-
부산광역시,아시아드주유소,부산 연제구  거제대로 130 (거제동),GS칼텍스,051-852-4144,Y,1813,1559,1419,-
부산광역시,(주)좋은기름나라연산주유소지점,부산 연제구 고분로 51 (연산동),S-OIL,051-851-5199,Y,-,1565,1425,-
부산광역시,현대오일뱅크㈜직영 연산셀프주유소,부산 연제구 중앙대로 1179,HD현대오일뱅크,051-867-6741,Y,1843,1568,1429,-
부산광역시,연안로주유소,부산 연제구 연안로 20,알뜰주유소,051-758-5351,Y,-,1574,1434,-
부산광역시,성학주유소,부산 연제구 월드컵대로 249 (거제동),알뜰주유소,051-505-7090,N,-,1588,1454,-
부산광역시,자이주유소,부산 연제구 과정로 325,GS칼텍스,051-864-4244,Y,1949,1599,1459,-
부산광역시,광신홀딩스㈜ 직영 토곡주유소,부산 연제구 과정로 208,SK에너지,051-759-3802,Y,-,1624,1494,1799
부산광역시,광동페트로㈜ 감사드림주유소,부산 연제구 거제대로 98,HD현대오일뱅크,051-851-0976,Y,-,1624,1494,-
부산광역시,금천셀프주유소,부산 연제구 과정로 134 (연산동),S-OIL,051-759-9393,Y,-,1645,1545,-
부산광역시,현대오일뱅크(주)직영 부산현대주유소,부산 연제구 아시아드대로 107 (거제동),HD현대오일뱅크,051-502-9131,N,2053,1669,1535,-
부산광역시,영웅주유소,부산 연제구 온천천남로 86 (연산동),HD현대오일뱅크,051-913-2242,N,-,1699,1549,-
부산광역시,연제주유소,부산 연제구 연수로 87,S-OIL,051-636-4356,N,-,1719,1579,1650
부산광역시,SK에너지(주)부흥셀프주유소,부산 연제구 과정로 120 (연산동),SK에너지,051-759-5182,Y,-,1798,1598,-
부산광역시,동현주유소,부산 영도구 해양로 212,SK에너지,051-405-5170,Y,-,1692,1572,1400
부산광역시,해양특구주유소,부산 영도구 해양로 270,GS칼텍스,051-404-5189,Y,-,1692,1572,-
부산광역시,태종대온천주유소,부산 영도구 태종로 806-1,SK에너지,051-405-2530,N,-,1697,1577,1400
부산광역시,세기상사㈜ 대성주유소,부산 영도구 해양로 128 (청학동),S-OIL,051-412-5189,N,-,1698,1578,1400
부산광역시,태종에너지청학주유소,부산 영도구 태종로 376 (청학동),SK에너지,051-414-7279,Y,-,1698,1578,-
부산광역시,SK에너지(주)직영 태종로주유소,부산 영도구 태종로 290 (청학동),SK에너지,051-412-5155,Y,-,1698,1578,1450
부산광역시,남항주유소,부산 영도구 남항서로 96(남항동2가),SK에너지,051-416-0904,N,-,1833,1723,1500
부산광역시,(주)나부코직영 우원주유소,부산 영도구 태종로 181 (봉래동4가),SK에너지,051-418-7600,N,-,1848,1738,1600
부산광역시,고려주유소,부산 중구 대청로 153 (중앙동5가),SK에너지,051-469-1288,N,-,1695,1565,1350
부산광역시,오시리아주유소,부산 해운대구 해운대로 1226 (송정동),HD현대오일뱅크,051-703-5025,Y,1839,1519,1374,-
부산광역시,㈜영원석유 영원주유소,부산 해운대구 해운대로 1178,HD현대오일뱅크,051-702-7293,Y,1839,1519,1374,-
부산광역시,㈜영원석유 하늘주유소,부산 해운대구 해운대로 1184,GS칼텍스,051-704-0980,Y,-,1519,1394,-
부산광역시,삼양주유소,부산 해운대구 해운대로 1249 (송정동),GS칼텍스,051-704-5149,Y,1839,1519,1374,-
부산광역시,송정역주유소,부산 해운대구 해운대로 1217,S-OIL,051-717-3070,Y,-,1519,1374,-
부산광역시,한양 브라보주유소,부산 해운대구 해운대로 1238 (송정동),알뜰주유소,051-703-5451,Y,-,1535,1395,-
부산광역시,(주)조은하루주유소,부산 해운대구 해운대로 551 (우동),S-OIL,051-741-5189,Y,-,1554,1414,-
부산광역시,대양산업(주)동화주유소,부산 해운대구 해운대로 211 (재송동),GS칼텍스,051-781-4400,Y,1834,1554,1414,-
부산광역시,동방석유㈜ 직영 해변주유소,부산 해운대구 해운대로 592 (우동),SK에너지,051-741-2581,Y,1779,1554,1414,-
부산광역시,반송제일주유소,부산 해운대구 반송로 780,알뜰주유소,051-531-3885,Y,-,1562,1412,-
부산광역시,동부산셀프주유소,부산 해운대구 반송로 875 (반송동),GS칼텍스,051-543-1273,Y,1789,1562,1412,-
부산광역시,구도일주유소 센텀시티,부산 해운대구 해운대로 285 (우동),S-OIL,051-742-0882,Y,1759,1569,1436,-
부산광역시,지에스칼텍스(주)해운주유소,부산 해운대구 해운대로 615 (우동),GS칼텍스,051-744-0185,Y,1838,1574,1509,1500
부산광역시,양천석유(주)덕진셀프주유소반송점,부산 해운대구 반송로 782,SK에너지,051-531-5151,Y,-,1574,1438,-
부산광역시,지에스칼텍스(주)광안대로주유소,부산 해운대구 수영강변대로 590,GS칼텍스,051-521-1436,Y,1794,1584,1459,-
부산광역시,신촌셀프주유소,부산 해운대구 반여로 153 (반여동),S-OIL,051-523-5151,Y,1899,1584,1459,-
부산광역시,sc(주)센텀주유소,부산광역시 해운대구  수영강변대로 504 (반여동),GS칼텍스,051-527-4144,Y,1794,1584,1459,-
부산광역시,광신석유(주)직영 수영강변대로주유소,부산 해운대구 수영강변대로 568,SK에너지,051-529-1100,Y,1919,1584,1459,1799
부산광역시,(주)대양씨앤씨 달맞이주유소,부산 해운대구 달맞이길 57 (중동),GS칼텍스,051-747-8481,Y,1854,1594,1474,-
부산광역시,동해주유소,부산 해운대구 재반로 163 (재송동),SK에너지,051-783-8660,Y,-,1594,1469,-
부산광역시,HD현대오일뱅크㈜직영 센텀셀프주유소,부산 해운대구 해운대로 179 (재송동),HD현대오일뱅크,051-784-0293,Y,2048,1594,1569,-
부산광역시,(주)이엠석유 대흥주유소,부산 해운대구 좌동순환로 419 (중동),GS칼텍스,051-731-3675,Y,1844,1594,1474,-
부산광역시,SK에너지(주) 돌고래주유소,부산 해운대구 해운대로573번길 16,SK에너지,051-747-5190,N,1809,1598,1438,-
부산광역시,SK에너지(주) 마리나주유소,부산 해운대구 해운대로 345 (우동),SK에너지,051-747-5181,Y,1809,1598,1438,-
부산광역시,SK에너지(주)신도시주유소,부산 해운대구 대천로 82 (좌동),SK에너지,051-747-5182,Y,1809,1598,1488,-
부산광역시,SK에너지㈜직영 송정셀프주유소,부산 해운대구 해운대로 1075,SK에너지,051-704-0011,Y,-,1598,1498,-
부산광역시,해운대주유소,부산 해운대구 좌동순환로 375,S-OIL,051-747-2526,Y,-,1633,1513,-
부산광역시,SK에너지(주)직영 해운대센텀주유소,부산 해운대구 수영강변대로 276,SK에너지,051-784-2999,Y,-,1649,1549,-
부산광역시,HD현대오일뱅크㈜직영 장산IC주유소,부산 해운대구 양운로 107 (좌동),HD현대오일뱅크,051-704-5189,N,2032,1649,1539,-
부산광역시,에스씨(주) 마리나타운주유소,부산 해운대구 해운대해변로 44 (우동),GS칼텍스,051-741-7030,N,1898,1698,1598,-
부산광역시,동양가스(주) 명품주유소반송점,부산 해운대구 반송로 781 (석대동),HD현대오일뱅크,051-522-2590,Y,-,1709,1579,-
부산광역시,오시리아주유소,부산 해운대구 해운대로 1226 (송정동),HD현대오일뱅크,051-703-5025,Y,1839,1519,1374,-
부산광역시,㈜영원석유 영원주유소,부산 해운대구 해운대로 1178,HD현대오일뱅크,051-702-7293,Y,1839,1519,1374,-
부산광역시,㈜영원석유 하늘주유소,부산 해운대구 해운대로 1184,GS칼텍스,051-704-0980,Y,-,1519,1394,-
부산광역시,삼양주유소,부산 해운대구 해운대로 1249 (송정동),GS칼텍스,051-704-5149,Y,1839,1519,1374,-
부산광역시,송정역주유소,부산 해운대구 해운대로 1217,S-OIL,051-717-3070,Y,-,1519,1374,-
부산광역시,한양 브라보주유소,부산 해운대구 해운대로 1238 (송정동),알뜰주유소,051-703-5451,Y,-,1535,1395,-
부산광역시,(주)조은하루주유소,부산 해운대구 해운대로 551 (우동),S-OIL,051-741-5189,Y,-,1554,1414,-
부산광역시,대양산업(주)동화주유소,부산 해운대구 해운대로 211 (재송동),GS칼텍스,051-781-4400,Y,1834,1554,1414,-
부산광역시,동방석유㈜ 직영 해변주유소,부산 해운대구 해운대로 592 (우동),SK에너지,051-741-2581,Y,1779,1554,1414,-
부산광역시,반송제일주유소,부산 해운대구 반송로 780,알뜰주유소,051-531-3885,Y,-,1562,1412,-
부산광역시,동부산셀프주유소,부산 해운대구 반송로 875 (반송동),GS칼텍스,051-543-1273,Y,1789,1562,1412,-
부산광역시,구도일주유소 센텀시티,부산 해운대구 해운대로 285 (우동),S-OIL,051-742-0882,Y,1759,1569,1436,-
부산광역시,지에스칼텍스(주)해운주유소,부산 해운대구 해운대로 615 (우동),GS칼텍스,051-744-0185,Y,1838,1574,1509,1500
부산광역시,양천석유(주)덕진셀프주유소반송점,부산 해운대구 반송로 782,SK에너지,051-531-5151,Y,-,1574,1438,-
부산광역시,지에스칼텍스(주)광안대로주유소,부산 해운대구 수영강변대로 590,GS칼텍스,051-521-1436,Y,1794,1584,1459,-
부산광역시,신촌셀프주유소,부산 해운대구 반여로 153 (반여동),S-OIL,051-523-5151,Y,1899,1584,1459,-
부산광역시,sc(주)센텀주유소,부산광역시 해운대구  수영강변대로 504 (반여동),GS칼텍스,051-527-4144,Y,1794,1584,1459,-
부산광역시,광신석유(주)직영 수영강변대로주유소,부산 해운대구 수영강변대로 568,SK에너지,051-529-1100,Y,1919,1584,1459,1799
부산광역시,(주)대양씨앤씨 달맞이주유소,부산 해운대구 달맞이길 57 (중동),GS칼텍스,051-747-8481,Y,1854,1594,1474,-
부산광역시,동해주유소,부산 해운대구 재반로 163 (재송동),SK에너지,051-783-8660,Y,-,1594,1469,-
부산광역시,HD현대오일뱅크㈜직영 센텀셀프주유소,부산 해운대구 해운대로 179 (재송동),HD현대오일뱅크,051-784-0293,Y,2048,1594,1569,-
부산광역시,(주)이엠석유 대흥주유소,부산 해운대구 좌동순환로 419 (중동),GS칼텍스,051-731-3675,Y,1844,1594,1474,-
부산광역시,SK에너지(주) 돌고래주유소,부산 해운대구 해운대로573번길 16,SK에너지,051-747-5190,N,1809,1598,1438,-
부산광역시,SK에너지(주) 마리나주유소,부산 해운대구 해운대로 345 (우동),SK에너지,051-747-5181,Y,1809,1598,1438,-
부산광역시,SK에너지(주)신도시주유소,부산 해운대구 대천로 82 (좌동),SK에너지,051-747-5182,Y,1809,1598,1488,-
부산광역시,SK에너지㈜직영 송정셀프주유소,부산 해운대구 해운대로 1075,SK에너지,051-704-0011,Y,-,1598,1498,-
부산광역시,해운대주유소,부산 해운대구 좌동순환로 375,S-OIL,051-747-2526,Y,-,1633,1513,-
부산광역시,SK에너지(주)직영 해운대센텀주유소,부산 해운대구 수영강변대로 276,SK에너지,051-784-2999,Y,-,1649,1549,-
부산광역시,HD현대오일뱅크㈜직영 장산IC주유소,부산 해운대구 양운로 107 (좌동),HD현대오일뱅크,051-704-5189,N,2032,1649,1539,-
부산광역시,에스씨(주) 마리나타운주유소,부산 해운대구 해운대해변로 44 (우동),GS칼텍스,051-741-7030,N,1898,1698,1598,-
부산광역시,동양가스(주) 명품주유소반송점,부산 해운대구 반송로 781 (석대동),HD현대오일뱅크,051-522-2590,Y,-,1709,1579,-
